document	doi	PC_2	figure
019687_v1.xml	[@doi:10.1101/019687]	-2.7047102478958056	![](table_figures/019687_fig1.tif)
301051_v1.xml	[@doi:10.1101/301051]	-3.047342382798414	![](table_figures/301051_fig3.tif)
357939_v1.xml	[@doi:10.1101/357939]	-2.775745000260895	![](table_figures/357939_fig4.tif)
386367_v3.xml	[@doi:10.1101/386367]	-3.21533499072831	![](table_figures/386367v3_fig1.tif)
840280_v1.xml	[@doi:10.1101/840280]	-3.107715578793087	![](table_figures/840280v1_fig1.tif)
