document	doi	PC_1	figure
371922_v1.xml	[@doi:10.1101/371922]	-4.279016673409032	![](table_figures/371922_fig1.tif)
455048_v1.xml	[@doi:10.1101/455048]	-4.263964235099807	![](table_figures/455048_fig1.tif)
733162_v1.xml	[@doi:10.1101/733162]	-4.592209988884236	![](table_figures/733162v1_fig1.tif)
745943_v1.xml	[@doi:10.1101/745943]	-4.736613689905791	![](table_figures/745943v1_fig1.tif)
754572_v1.xml	[@doi:10.1101/754572]	-4.826793742506695	![](table_figures/754572v1_fig1.tif)
