doi	PC_1	figure
[@doi:10.1101/044818]	4.079855550647664	![](table_figures/044818_fig1.tif)
[@doi:10.1101/107250]	4.022240241143516	![](table_figures/107250_fig1.tif)
[@doi:10.1101/197400]	4.522818390064091	![](table_figures/197400_fig1.tif)
[@doi:10.1101/266775]	4.348956760251298	![](table_figures/266775_fig1.tif)
[@doi:10.1101/769299]	4.259104249060651	![](table_figures/769299v1_fig1.tif)
